Inventory Type,Sectors Sector,Category Full,Category Label,Source Full,Source Label,Source Units,CY 2005 Consumed,CY 2005 tCO2e (100 yr GWP),CY 2005 Source MMBtu,CY 2005 tCO2e (20 yr GWP),CY 2006 Consumed,CY 2006 tCO2e (100 yr GWP),CY 2006 Source MMBtu,CY 2006 tCO2e (20 yr GWP),CY 2007 Consumed,CY 2007 tCO2e (100 yr GWP),CY 2007 Source MMBtu,CY 2007 tCO2e (20 yr GWP),CY 2008 Consumed,CY 2008 tCO2e (100 yr GWP),CY 2008 Source MMBtu,CY 2008 tCO2e (20 yr GWP),CY 2009 Consumed,CY 2009 tCO2e (100 yr GWP),CY 2009 Source MMBtu,CY 2009 tCO2e (20 yr GWP),CY 2010 Consumed,CY 2010 tCO2e (100 yr GWP),CY 2010 Source MMBtu,CY 2010 tCO2e (20 yr GWP),CY 2011 Consumed,CY 2011 tCO2e (100 yr GWP),CY 2011 Source MMBtu,CY 2011 tCO2e (20 yr GWP),CY 2012 Consumed,CY 2012 tCO2e (100 yr GWP),CY 2012 Source MMBtu,CY 2012 tCO2e (20 yr GWP),CY 2013 Consumed,CY 2013 tCO2e (100 yr GWP),CY 2013 Source MMBtu,CY 2013 tCO2e (20 yr GWP),CY 2014 Consumed,CY 2014 tCO2e (100 yr GWP),CY 2014 Source MMBtu,CY 2014 tCO2e (20 yr GWP),CY 2015 Consumed,CY 2015 tCO2e (100 yr GWP),CY 2015 Source MMBtu,CY 2015 tCO2e (20 yr GWP),CY 2016 Consumed,CY 2016 tCO2e (100 yr GWP),CY 2016 Source MMBtu,CY 2016 tCO2e (20 yr GWP),CY 2017 Consumed,CY 2017 tCO2e (100 yr GWP),CY 2017 Source MMBtu,CY 2017 tCO2e (20 yr GWP),CY 2018 Consumed,CY 2018 tCO2e (100 yr GWP),CY 2018 Source MMBtu,CY 2018 tCO2e (20 yr GWP),CY 2019 Consumed,CY 2019 tCO2e (100 yr GWP),CY 2019 Source MMBtu,CY 2019 tCO2e (20 yr GWP),CY 2020 Consumed,CY 2020 tCO2e (100 yr GWP),CY 2020 Source MMBtu,CY 2020 tCO2e (20 yr GWP),CY 2021 Consumed,CY 2021 tCO2e (100 yr GWP),CY 2021 Source MMBtu,CY 2021 tCO2e (20 yr GWP),CY 2022 Consumed,CY 2022 tCO2e (100 yr GWP),CY 2022 Source MMBtu,CY 2022 tCO2e (20 yr GWP),CY 2023 Consumed,CY 2023 tCO2e (100 yr GWP),CY 2023 Source MMBtu,CY 2023 tCO2e (20 yr GWP),2005 - 2022 % change Consumed,2005 - 2022 % change tCO2e,2005 - 2022 % change Source MMBtu,2005 - 2022 % change tCO2e 20 yr GWP
GPC,Stationary Energy,Residential (small and large residential),Residential,#2 fuel oil,#2 fuel oil,gallon,146645995.87,1517233.2,20439518.9,1549279.75,123651982.44,1279331.85,17234613.31,1306353.52,142240147.96,1471649.29,19825431.82,1502733.03,131107009.25,1356463.27,18273694.95,1385114.09,146483621.5,1515553.24,20416887.16,1547564.31,141176974.44,1460649.45,19677246.7,1491500.85,138166876.57,1429506.28,19257699.26,1459699.89,125207366.44,1295424.21,17451402.73,1322785.78,160324833.76,1658757.6,22346075.33,1693793.39,122982866.62,1272409.02,17141351.95,1299284.47,160363033.9,1659152.83,22351399.66,1694196.97,122583830.04,1268280.5,17085734.23,1295068.74,105767349.32,1094293.32,14741853.15,1117406.66,134471590.33,1391274,18742650.26,1420660.08,136255620.5,1409731.99,18991308.38,1439507.93,97015873.57,1003748.54,13522072.46,1024949.42,94453737.87,977240.1,13164961.98,997881.07,105948850.49,1096171.18,14767150.78,1119324.18,90526881.46,936611.94,12617636.74,956394.78,-38.2684259989949,-38.268425710695,-38.2684259755253,-38.2684256991031
GPC,Stationary Energy,Residential (small and large residential),Residential,#4 fuel oil,#4 fuel oil,gallon,77860780.31,856223.01,11481350.66,858049,65022633.96,715043.89,9588237.6,716568.8,75099917.57,825862.23,11074233.85,827623.47,64175239.61,705725.23,9463280.83,707230.26,77040974.01,847207.73,11360462.03,849014.49,76167717.24,837604.66,11231691.58,839390.94,73887257.69,812526.79,10895415.02,814259.6,73319446.2,806282.66,10811685.54,808002.15,87782041.07,965325.59,12944339.78,967384.25,53636327.46,589830.43,7909212.85,591088.31,94126768.83,1035097.58,13879933.33,1037305.04,68898336.48,757664.4,10159748.7,759280.2,73860750.68,812235.3,10891506.3,813967.48,65745104.32,722988.79,9694773.08,724530.64,57086798.88,627774.74,8418019.36,629113.54,37052732.59,407463.19,5463795.95,408332.15,43837331.57,482072.38,6464252.91,483100.46,40549909.74,445921.11,5979489.69,446872.09,28961810.95,318488.57,4270708.64,319167.79,-62.8030815582768,-62.8030821082465,-62.8030815670602,-62.8030811760168
GPC,Stationary Energy,Residential (small and large residential),Residential,#6 fuel oil,#6 fuel oil,gallon,193846082.8,2191841.89,29367681.54,2196491.29,163766139.67,1851724.21,24810570.16,1855652.14,203141455.35,2296945.83,30775930.48,2301818.18,177479668.92,2006784.8,26888169.84,2011041.65,202597911.87,2290799.91,30693583.65,2295659.23,192084422.87,2171922.58,29100790.06,2176529.72,180323582.12,2038941.28,27319022.69,2043266.34,140702305.15,1590938.55,21316399.23,1594313.3,104423928.76,1180734.42,15820225.21,1183239.02,27329254.41,309015.3,4140382.04,309670.79,12693209.12,143523.7,1923021.18,143828.15,1699774.58,19219.56,257515.85,19260.33,939792.25,10626.35,142378.53,10648.89,4255989.21,48123,644782.37,48225.08,0,0,0,0,0,0,0,0,0,0,0,0,0,0,0,0,0,0,0,0,-100,-100,-100,-100
GPC,Stationary Energy,Residential (small and large residential),Residential,Biofuel,Biofuel,gallon,719495.07,4.77,93016.32,10.14,1490342.87,9.89,192671.53,21.01,1745069.88,11.58,225602.63,24.6,1421342.93,9.43,183751.21,20.04,2148484.42,14.26,277756.07,30.29,1433903.4,9.52,185375.03,20.22,2338460.09,15.52,302316.12,32.97,7018076.62,46.57,907296.95,98.94,10050483.63,66.7,1299326.52,141.69,6760601.49,44.86,874010.56,95.31,8794187.26,58.36,1136912.53,123.98,7388132.72,49.03,955137.8,104.16,11668446.98,77.43,1508496.83,164.5,14552092.1,96.57,1881294.47,205.16,16147022.79,107.15,2087487.11,227.64,14509638.81,96.29,1875806.11,204.56,12062335.43,80.05,1559418.72,170.05,12529004.93,83.14,1619749.76,176.63,10860701.64,72.07,1404071.51,153.11,1409.4893756534,1410.90146750524,1409.48942078121,1409.96055226824
GPC,Stationary Energy,Residential (small and large residential),Residential,Electricity,Electricity,kWh,14168364733.94,7062392.25,123273274.2,7072258.42,13052549911.67,5484899.71,113565015.76,5491717.58,13631341906.22,5783449.99,118600853.39,5790642.84,14479576692,5513528.76,125981004.97,5520314.03,15017935746,5026654.97,130665051.75,5032723.57,16246085145.17,5550464.21,141350688.41,5556983.41,16163973377.1,5008080.66,140636266.76,5013439.31,15962572177.07,5197671.05,138883955.48,5203579.95,15658135234.5,4669269.48,136235171.42,4674446.04,15056362253.46,4918186.75,130999385.42,4923891.43,15705500653.28,5011573.3,136647278.98,5017412.85,15452546914.5,4959918.07,134446429.68,4965705.5,15430213717.66,4325717.27,134252117.47,4330435.89,15882302313.65,4883633.61,138185559.51,4889074.98,15414984037.68,4463262.21,134119610.12,4467911.41,14577247613.58,4598867.64,126830800.59,4225100.12,14622450805.55,4939971.32,127224095.48,4238201.91,14487223970.25,5355894.6,126047540.88,5361386.05,14214533568.31,5257590.73,123674970.76,5260469.65,0.325858595801127,-25.5551016725246,0.325858595552743,-25.6182489722993
GPC,Stationary Energy,Residential (small and large residential),Residential,Natural gas,Natural gas,SCF,164840051823.53,8983129.56,177582187.83,8992179.12,156690514277.53,8539012.06,168802691.03,8547614.22,172612235260.26,9406682.76,185955161.05,9416159,140712584224.4,7668278.2,151589666.98,7676003.18,138210347563.96,7531916.21,148894007.43,7539503.82,156854670084.42,8547957.9,168979536.08,8556569.07,163122617151.33,8889536.18,175731995.46,8898491.45,147155810320.07,8019408.48,158530954.46,8027487.19,75385413471.51,4108206.28,81212705.93,4112344.87,180249523909.04,9822884.72,194182812.11,9832780.24,177354752086.9,9665131.13,191064274.42,9674867.73,190288200910.23,10369952.84,204997478.84,10380399.47,181809058825.62,9907873.2,195862899.07,9917854.33,193033693881.09,10519571.32,207955198.42,10530168.68,188512555543.6,10273187.2,203084576.09,10283536.35,179289161755.73,9770548.79,193148213.96,9780391.59,177712778152.27,9684642.13,191449975.9,9694398.39,182986680771.08,9972048.93,197131551.19,9982094.71,228307193527.52,12441837.27,245955339.59,12454371.1,38.5022577958996,38.5022578924042,38.5022577970792,38.5022577263786
GPC,Stationary Energy,Residential (small and large residential),Residential,Steam,Steam,kg,1998982583.67,332184.37,6314357.94,332750.46,1977435937.02,263348.01,6246296.7,263783.41,1956570687.99,270334.63,6180387.84,270783.03,2815676055.57,372766.47,8894117.74,373356.24,2699100715.2,385545.34,8525881.2,386165.87,2684576093.92,329461.96,8480001.03,329959.76,2630897883.47,323152.48,8310443.06,323601,2487032107.53,255848.71,7856001.88,256182.93,2914003579,306013.71,9204713.33,306397.73,2914003579,322747.39,9204713.33,323116.47,2671762179.88,286275.79,8439524.62,286607.28,2733212560.51,270735.04,8633633.21,271021.73,2713815385.9,250272.68,8572361.69,250537.58,2987013020.16,315407.28,9435334.52,315749.64,2800861783.12,285366.27,8847322.62,285665.72,2405299009.16,201181.7,7597824.52,245321.45,2259731654.32,190070.66,7138008.42,230474.73,2269367374.32,215190.85,7168445.59,215421.59,2061282884.63,177882.62,6511151.25,178062.73,3.11660048811535,-46.4506352300682,3.11660048210697,-46.4876081613832
CLCPA Addition,Stationary Energy,Residential (small and large residential),Residential,Upstream Electricity,Upstream Electricity,kWh,14168364733.94,0,123273274.2,4456021.92,13052549911.67,0,113565015.76,4914887.28,13631341906.22,0,118600853.39,4602297.19,14479576692,0,125981004.97,4888683.41,15017935746,0,130665051.75,4738704.45,16246085145.17,0,141350688.41,4984262.03,16163973377.1,0,140636266.76,5285034.33,15962572177.07,0,138883955.48,5096071.92,15658135234.5,0,136235171.42,4447711.9,15056362253.46,0,130999385.42,4003023.64,15705500653.28,0,136647278.98,3839976.28,15452546914.5,0,134446429.68,3768715.62,15430213717.66,0,134252117.47,3269048.97,15882302313.65,0,138185559.51,3474193.93,15414984037.68,0,134119610.12,3332479.84,14577247613.58,0,126830800.59,3151374.25,14622450805.55,0,127224095.48,3161146.47,14487223970.25,0,126047540.88,4130793.39,14214533568.31,0,123674970.76,4093715.58,0.325858595801127,0,0.325858595552743,-8.13071269631456
CLCPA Addition,Stationary Energy,Residential (small and large residential),Residential,Upstream Steam,Upstream Steam,kg,1998982583.67,0,6314357.94,94468.23,1977435937.02,0,6246296.7,208052.11,1956570687.99,0,6180387.84,202445.35,2815676055.57,0,8894117.74,303381.65,2699100715.2,0,8525881.2,271586.66,2684576093.92,0,8480001.03,262811.8,2630897883.47,0,8310443.06,291844.79,2487032107.53,0,7856001.88,229890.97,2914003579,0,9204713.33,296142.28,2914003579,0,9204713.33,279229.67,2671762179.88,0,8439524.62,226973.5,2733212560.51,0,8633633.21,232356.97,2713815385.9,0,8572361.69,197198.52,2987013020.16,0,9435334.52,231680.1,2800861783.12,0,8847322.62,212347.91,2405299009.16,0,7597824.52,182358.23,2259731654.32,0,7138008.42,171322.01,2269367374.32,0,7168445.59,154878.28,2061282884.63,0,6511151.25,136902.05,3.11660048811535,0,3.11660048210697,44.9186144378909
CLCPA Addition,Stationary Energy,Residential (small and large residential),Residential,Upstream Natural gas,Upstream Natural gas,SCF,164840051823.53,0,177582187.83,7128793.77,156690514277.53,0,168802691.03,6776352.89,172612235260.26,0,185955161.05,7464915.32,140712584224.4,0,151589666.98,6085359.61,138210347563.96,0,148894007.43,5977146.05,156854670084.42,0,168979536.08,6783452.1,163122617151.33,0,175731995.46,7054520.33,147155810320.07,0,158530954.46,6364008.09,75385413471.51,0,81212705.93,3260172.88,180249523909.04,0,194182812.11,7795203.1,177354752086.9,0,191064274.42,7670013.68,190288200910.23,0,204997478.84,8229343.09,181809058825.62,0,195862899.07,7862647.89,193033693881.09,0,207955198.42,8348076.69,188512555543.6,0,203084576.09,8152552.23,179289161755.73,0,193148213.96,7753670.58,177712778152.27,0,191449975.9,7685497.13,182986680771.08,0,197131551.19,7913576.2,228307193527.52,0,245955339.59,9873540.33,38.5022577958996,0,38.5022577970792,38.5022578651479
CLCPA Addition,Stationary Energy,Residential (small and large residential),Residential,Downstream Natural gas,Downstream Natural gas,SCF,164840051823.53,0,177582187.83,1015584.67,156690514277.53,0,168802691.03,965375.12,172612235260.26,0,185955161.05,1063469.34,140712584224.4,0,151589666.98,866934.6,138210347563.96,0,148894007.43,851518.24,156854670084.42,0,168979536.08,966386.49,163122617151.33,0,175731995.46,1005003.51,147155810320.07,0,158530954.46,906631.51,75385413471.51,0,81212705.93,464451.87,180249523909.04,0,194182812.11,1110522.91,177354752086.9,0,191064274.42,1092688.13,190288200910.23,0,204997478.84,1172371.51,181809058825.62,0,195862899.07,1120131.25,193033693881.09,0,207955198.42,1189286.58,188512555543.6,0,203084576.09,1161431.7,179289161755.73,0,193148213.96,1104606.09,177712778152.27,0,191449975.9,1094893.94,182986680771.08,0,197131551.19,1127386.62,228307193527.52,0,245955339.59,1406607.7,38.5022577958996,0,38.5022577970792,38.5022580145878
GPC,Stationary Energy,"Commercial and Institutional (commercial, institutional, and streetlights)",Commercial and Institutional,#2 fuel oil,#2 fuel oil,gallon,83099254.7,859764,11582374.12,877923.68,70069336.17,724953.47,9766264.08,740265.72,80602611.85,833933.16,11234392.04,851547.25,74293844.1,768661.2,10355075.99,784896.63,83007242.71,858812.02,11569549.49,876951.6,80000147.89,827699.93,11150420.61,845182.36,78294428.69,810052.17,10912677.47,827161.85,70950718.92,734072.46,9889111.2,749577.32,90850582.83,939961.03,12662754.24,959814.6,69690171.19,721030.54,9713416.06,736259.93,90872229.54,940184.99,12665771.35,960043.3,69464050.85,718691.05,9681899.41,733871.03,59934728.17,620098.48,8353702.41,633196.02,76200436.76,788387.24,10620816.88,805039.33,77211385.45,798846.75,10761722.9,815719.76,54975567.11,568789.86,7662494.54,580803.67,53523692.71,553768.44,7460132.29,565464.97,60037578.66,621162.6,8368037.71,634282.61,51298477.91,530745.85,7149981.85,541956.11,-38.26842599829,-38.2684259866661,-38.2684260072925,-38.2684255651926
GPC,Stationary Energy,"Commercial and Institutional (commercial, institutional, and streetlights)",Commercial and Institutional,#4 fuel oil,#4 fuel oil,gallon,13896492.65,152817.59,2049176.81,153143.49,11605156.68,127620.12,1711296.4,127892.28,13403737.39,147398.84,1976515.12,147713.18,11453914.82,125956.94,1688994.28,126225.55,13750174.66,151208.55,2027600.76,151531.02,13594316.91,149494.61,2004617.97,149813.42,13187303.4,145018.74,1944599.76,145328.01,13085961.13,143904.3,1929655.83,144211.19,15667226.6,172290.08,2310289.23,172657.51,9572943.23,105272.18,1411626.21,105496.69,16799625.51,184742.89,2477272.78,185136.88,12296887.12,135226.97,1813298.97,135515.36,13182572.47,144966.72,1943902.14,145275.88,11734102.27,129038.12,1730310.72,129313.3,10188778.97,112044.43,1502437.35,112283.38,6613124.4,72723.51,975171.32,72878.6,7824030.96,86039.66,1153731.61,86223.15,7237296.11,79587.43,1067211.68,79757.16,5169067.04,56843.43,762230.63,56964.66,-62.8030815387075,-62.8030843831525,-62.8030813993059,-62.803080953686
GPC,Stationary Energy,"Commercial and Institutional (commercial, institutional, and streetlights)",Commercial and Institutional,#6 fuel oil,#6 fuel oil,gallon,23786850.49,268960.89,3603707.85,269531.42,20095741.03,227225.06,3044504.77,227707.05,24927485.55,281858.2,3776514.06,282456.08,21778528.04,246252.54,3299447,246774.9,24860787.33,281104.03,3766409.28,281700.32,23570677.22,266516.59,3570957.6,267081.94,22127504.6,250198.46,3352316.95,250729.19,17265578.18,195224.05,2615735.09,195638.17,12813859.04,144887.91,1941299.65,145195.25,3353572.48,37919.26,508066.23,37999.7,1557583.54,17611.79,235973.91,17649.15,208579.32,2358.43,31599.77,2363.44,115321.9,1303.96,17471.27,1306.73,522252.38,5905.17,79121.24,5917.7,0,0,0,0,0,0,0,0,0,0,0,0,0,0,0,0,0,0,0,0,-100,-100,-100,-100
GPC,Stationary Energy,"Commercial and Institutional (commercial, institutional, and streetlights)",Commercial and Institutional,Biofuel,Biofuel,gallon,181117.2,1.2,23414.83,2.55,375161.32,2.49,48500.86,5.29,439283.29,2.92,56790.54,6.19,357792.09,2.37,46255.36,5.04,540834.11,3.59,69919.03,7.62,360953.92,2.4,46664.12,5.09,588656.34,3.91,76101.49,8.3,1766647.76,11.72,228392.22,24.91,2529990.1,16.79,327077.12,35.67,1701834.01,11.29,220013.1,23.99,2213744.88,14.69,286192.94,31.21,1859801.31,12.34,240435.11,26.22,2937277.09,19.49,379731.18,41.41,3663171.87,24.31,473574.86,51.64,4064660.9,26.97,525479.36,57.3,3652485.18,24.24,472193.28,51.49,3036429.92,20.15,392549.66,42.81,3153903.79,20.93,407736.68,44.46,2733944.82,18.14,353444.39,38.54,1409.48933618673,1411.66666666667,1409.48945604132,1411.37254901961
GPC,Stationary Energy,"Commercial and Institutional (commercial, institutional, and streetlights)",Commercial and Institutional,Electricity,Electricity,kWh,26226076079.28,13072703.86,228182597.54,13090966.45,27133407032.74,11401911.31,236076921.23,11416084.17,28048899119.83,11900472.2,244042251.68,11915272.76,26155533959.86,9959496.18,227568838.77,9971752.92,24621412737.13,8241035.83,214221063.66,8250985.11,25179409288.11,8602528.47,219075968.45,8612632.43,24932913193.56,7724959.53,216931304.53,7733225.26,24072492031.06,7838391.8,209445124.17,7847302.77,24008812375.15,7159448.64,208891072.95,7167385.92,24163732596.36,7893125.01,210238971.83,7902280.37,24309477657.3,7757073.9,211507041.31,7766112.54,24148998628.73,7751282.38,210110777.47,7760326.89,24400061835.53,6840330.98,212295178.01,6847792.61,24812310378.99,7629513.05,215881987.68,7638013.9,24252105992.55,7021966.94,211007873.4,7029281.43,20264309990.41,6393036.73,176311655.5,5873450.25,20870055433.77,7050628.97,181582004.31,6049020.78,21523343172.04,7957132.28,187265999.6,7965290.8,21949763750.82,8118653.62,190976114.49,8123099.18,-16.3055743281341,-37.8961406381923,-16.3055743299958,-37.9488198138343
GPC,Stationary Energy,"Commercial and Institutional (commercial, institutional, and streetlights)",Commercial and Institutional,Natural gas,Natural gas,SCF,55128302373.38,3004274.01,59389720.15,3007300.49,54675650135.08,2979606.25,58902077.89,2982607.89,57951330714.44,3158117.86,62430968.58,3161299.33,100313121212.27,5466667.57,108067325.48,5472174.66,103526901941.59,5641805.88,111529531.46,5647489.4,88813852860.94,4840003.01,95679163.69,4844878.8,92718312266.9,5052780.58,99885437.81,5057870.72,85219500120.19,4644125.03,91806967.48,4648803.5,99401442985.14,5416984.71,107085174.53,5422441.75,106312157787.33,5793591.28,114530087.58,5799427.72,104250511239.56,5681239.72,112309075.76,5686962.97,101377977238.62,5524698,109214494.88,5530263.55,111742550505.56,6089526.17,120380249.66,6095660.72,111351353688.42,6068207.49,119958813.33,6074320.57,122055394359.6,6651535.29,131490276.34,6658236.01,110565351429.25,6025373.48,119112053.09,6031443.41,111599520100.11,6081731.58,120226163,6087858.28,116296269696.02,6337685.82,125285971.34,6344070.37,74392294420.14,4054085.23,80142818.78,4058169.29,34.9439239327313,34.943923773451,34.9439239275486,34.9439240772378
GPC,Stationary Energy,"Commercial and Institutional (commercial, institutional, and streetlights)",Commercial and Institutional,Steam,Steam,kg,7457786325.72,1239310.47,23557550.06,1241422.44,7434553402.9,990107.85,23484162.23,991744.81,7495264997.04,1035602.59,23675937.16,1037320.35,6150175508.98,814219.82,19427087.49,815508.01,5864620230.3,837714.94,18525079.51,839063.22,6065635918.11,744399.2,19160045.03,745523.95,5764928667.44,708104.64,18210175.21,709087.45,4951330051.89,509358.68,15640191.4,510024.08,5463998032.24,573801.05,17259599.77,574521.11,5463998032.24,605178.09,17259599.77,605870.14,5318470946.78,569867.14,16799910.87,570527.01,4861229054.43,481523.12,15355581.64,482033.02,4671669504.48,430829.33,14756803.62,431285.34,5295511624.44,559168.28,16727387.29,559775.22,4789020634.25,487930.16,15127490.71,488442.18,3936440178.23,329247.94,12434371.61,401485.72,4156015472.29,349570.98,13127962.95,423880.67,4317865701.3,409437.97,13639213.16,409877,3793819497.71,327395.4,11983863.42,327726.91,-49.1294154590339,-73.5824550889173,-49.1294154550127,-73.6006938943362
CLCPA Addition,Stationary Energy,"Commercial and Institutional (commercial, institutional, and streetlights)",Commercial and Institutional,Upstream Electricity,Upstream Electricity,kWh,26226076079.28,0,228182597.54,8248232.73,27133407032.74,0,236076921.23,10216979.68,28048899119.83,0,244042251.68,9470041.2,26155533959.86,0,227568838.77,8830791.66,24621412737.13,0,214221063.66,7768950.42,25179409288.11,0,219075968.45,7724985.59,24932913193.56,0,216931304.53,8152160.32,24072492031.06,0,209445124.17,7685174.38,24008812375.15,0,208891072.95,6819731.66,24163732596.36,0,210238971.83,6424393.3,24309477657.3,0,211507041.31,5943638.45,24148998628.73,0,210110777.47,5889689.82,24400061835.53,0,212295178.01,5169403.26,24812310378.99,0,215881987.68,5427599.62,24252105992.55,0,211007873.4,5242928.18,20264309990.41,0,176311655.5,4380828.7,20870055433.77,0,181582004.31,4511781.44,21523343172.04,0,187265999.6,6137026.93,21949763750.82,0,190976114.49,6321423.73,-16.3055743281341,0,-16.3055743299958,-23.3602647145481
CLCPA Addition,Stationary Energy,"Commercial and Institutional (commercial, institutional, and streetlights)",Commercial and Institutional,Upstream Steam,Upstream Steam,kg,7457786325.72,0,23557550.06,352441.22,7434553402.9,0,23484162.23,782212.2,7495264997.04,0,23675937.16,775531.18,6150175508.98,0,19427087.49,662665.15,5864620230.3,0,18525079.51,590104.92,6065635918.11,0,19160045.03,593807.24,5764928667.44,0,18210175.21,639501.99,4951330051.89,0,15640191.4,457680.48,5463998032.24,0,17259599.77,555291.3,5463998032.24,0,17259599.77,523578.75,5318470946.78,0,16799910.87,451818.65,4861229054.43,0,15355581.64,413264.78,4671669504.48,0,14756803.62,339465.36,5295511624.44,0,16727387.29,410732.94,4789020634.25,0,15127490.71,363080.57,3936440178.23,0,12434371.61,298442.01,4156015472.29,0,13127962.95,315089.16,4317865701.3,0,13639213.16,294682.84,3793819497.71,0,11983863.42,251970.1,-49.1294154590339,0,-49.1294154550127,-28.5071990160515
CLCPA Addition,Stationary Energy,"Commercial and Institutional (commercial, institutional, and streetlights)",Commercial and Institutional,Upstream Natural gas,Upstream Natural gas,SCF,55128302373.38,0,59389720.15,2384118.99,54675650135.08,0,58902077.89,2364543.26,57951330714.44,0,62430968.58,2506205.75,100313121212.27,0,108067325.48,4338214.81,103526901941.59,0,111529531.46,4477200.33,88813852860.94,0,95679163.69,3840909.02,92718312266.9,0,99885437.81,4009764.13,85219500120.19,0,91806967.48,3685465,99401442985.14,0,107085174.53,4298787.7,106312157787.33,0,114530087.58,4597653.54,104250511239.56,0,112309075.76,4508494.06,101377977238.62,0,109214494.88,4384266.35,111742550505.56,0,120380249.66,4832500.29,111351353688.42,0,119958813.33,4815582.3,122055394359.6,0,131490276.34,5278497.1,110565351429.25,0,119112053.09,4781590.27,111599520100.11,0,120226163,4826314.69,116296269696.02,0,125285971.34,5029433.77,74392294420.14,0,80142818.78,3217223.72,34.9439239327313,0,34.9439239275486,34.9439240866078
CLCPA Addition,Stationary Energy,"Commercial and Institutional (commercial, institutional, and streetlights)",Commercial and Institutional,Downstream Natural gas,Downstream Natural gas,SCF,55128302373.38,0,59389720.15,339647.18,54675650135.08,0,58902077.89,336858.38,57951330714.44,0,62430968.58,357039.95,100313121212.27,0,108067325.48,618032.25,103526901941.59,0,111529531.46,637832.46,88813852860.94,0,95679163.69,547184.9,92718312266.9,0,99885437.81,571240.4,85219500120.19,0,91806967.48,525039.98,99401442985.14,0,107085174.53,612415.37,106312157787.33,0,114530087.58,654992.5,104250511239.56,0,112309075.76,642290.63,101377977238.62,0,109214494.88,624592.86,111742550505.56,0,120380249.66,688449.32,111351353688.42,0,119958813.33,686039.15,122055394359.6,0,131490276.34,751987.07,110565351429.25,0,119112053.09,681196.56,111599520100.11,0,120226163,687568.11,116296269696.02,0,125285971.34,716504.93,74392294420.14,0,80142818.78,458333.23,34.9439239327313,0,34.9439239275486,34.9439232794454
GPC,Stationary Energy,Manufacturing and Construction (Industrial),Manufacturing and Construction,#2 fuel oil,#2 fuel oil,gallon,19157830.89,198211.32,2670218.47,202397.89,16153893.29,167131.9,2251529.65,170662.01,18582250.98,192256.24,2589994.14,196317.02,17127817.89,177208.34,2387275.26,180951.29,19136618.3,197991.85,2667261.86,202173.78,18443358,190819.22,2570635.24,194849.65,18050118.86,186750.68,2515825.57,190695.17,16357088.63,169234.2,2279851.01,172808.72,20944834.08,216700.07,2919290.97,221277.15,16066480.01,166227.5,2239345.98,169738.51,20949824.55,216751.7,2919986.55,221329.87,16014349.87,165688.15,2232080.09,169187.76,13817445.06,142958.46,1925875.49,145977.99,17567366.71,181756.02,2448539.57,185595.01,17800432.39,184167.37,2481024.27,188057.3,12674152.39,131129.7,1766523.36,133899.38,12339435.02,127666.63,1719870.45,130363.17,13841156.37,143203.79,1929180.38,146228.5,11826430.55,122358.97,1648367.89,124943.4,-38.2684260138597,-38.2684248306303,-38.268426028826,-38.2684276007028
GPC,Stationary Energy,Manufacturing and Construction (Industrial),Manufacturing and Construction,#4 fuel oil,#4 fuel oil,gallon,2994049.18,32925.1,441502.49,32995.31,2500372.63,27496.21,368704.95,27554.85,2887883.29,31757.61,425847.27,31825.33,2467787.03,27137.87,363899.87,27195.75,2962524.44,32578.43,436853.85,32647.9,2928944.33,32209.15,431902.13,32277.84,2841251.81,31244.81,418970.99,31311.44,2819417.26,31004.7,415751.27,31070.82,3375560.16,37120.52,497760.1,37199.68,2062524.95,22681.27,304139.93,22729.64,3619539.56,39803.52,533737.3,39888.4,2649408.43,29135.14,390681.77,29197.27,2840232.52,31233.6,418820.69,31300.21,2528154.42,27801.72,372801.65,27861.02,2195208.97,24140.37,323705.51,24191.86,1424821.37,15668.54,210104.16,15701.96,1685715.53,18537.55,248575.61,18577.09,1559301.4,17147.4,229934.58,17183.97,1113694.03,12247.12,164225.32,12273.24,-62.8030816113715,-62.8030894363267,-62.8030818127436,-62.8030771646031
GPC,Stationary Energy,Manufacturing and Construction (Industrial),Manufacturing and Construction,#6 fuel oil,#6 fuel oil,gallon,1836775.17,20768.65,278271.44,20812.7,1551754.74,17545.88,235090.84,17583.1,1924852.83,21764.55,291615.2,21810.72,1681696.34,19015.15,254777,19055.49,1919702.52,21706.32,290834.93,21752.36,1820082.68,20579.9,275742.53,20623.56,1708643.65,19319.85,258859.51,19360.83,1333214.97,15074.83,201982.07,15106.81,989461.72,11187.97,149903.45,11211.7,258956.46,2928.05,39231.9,2934.26,120273.63,1359.95,18221.45,1362.83,16106.1,182.11,2440.07,182.5,8904.94,100.69,1349.1,100.9,40327.33,455.99,6109.59,456.95,0,0,0,0,0,0,0,0,0,0,0,0,0,0,0,0,0,0,0,0,-100,-100,-100,-100
GPC,Stationary Energy,Manufacturing and Construction (Industrial),Manufacturing and Construction,Biofuel,Biofuel,gallon,32152.17,0.21,4156.63,0.45,66599.14,0.44,8609.94,0.94,77982.16,0.52,10081.53,1.1,63515.73,0.42,8211.31,0.9,96009.6,0.64,12412.12,1.35,64077.02,0.43,8283.88,0.9,104499.06,0.69,13509.64,1.47,313617.69,2.08,40544.49,4.42,449127.25,2.98,58063.17,6.33,302111.86,2,39057.02,4.26,392986.97,2.61,50805.36,5.54,330154.43,2.19,42682.36,4.65,521429.38,3.46,67410.39,7.35,650291.2,4.32,84069.65,9.17,721564.07,4.79,93283.8,10.17,648394.08,4.3,83824.39,9.14,539031.12,3.58,69685.94,7.6,559885.24,3.72,72381.96,7.89,485333.56,3.22,62743.92,6.84,1409.48928174988,100,1409.49013984887,100
GPC,Stationary Energy,Manufacturing and Construction (Industrial),Manufacturing and Construction,Electricity,Electricity,kWh,8779889925.83,4376442,76390310.29,4382555.9,8167536611.01,3432135.45,71062469.04,3436401.68,8426375735.24,3575108.23,73314524.72,3579554.58,8840352688.22,3366226.78,76916372.6,3370369.46,8714209431.34,2916734.02,75818850.58,2920255.35,8873552676.71,3031643.38,77205232.42,3035204.15,8955689219.85,2774739.41,77919869.63,2777708.39,8920220571.8,2904567.74,77611271.11,2907869.76,8912439822.85,2657697.27,77543573.92,2660643.71,8929716904.94,2916907.46,77693894.9,2920290.82,9025316596.5,2879948.67,78525669.58,2883304.42,9006092445.97,2890751.98,78358407.94,2894125.03,8941456437.93,2506654.36,77796035.88,2509388.7,9132679086.11,2808198.56,79459787.66,2811327.47,8939368045.18,2588309.11,77777865.61,2591005.24,7358075557.36,2321344.64,64019672.19,2132680.1,7493160956.96,2531449.8,65194996.22,2171833.54,7693001278.33,2844085.53,66933726.92,2847001.6,7978124434.76,2950903.23,69414469.46,2952519.07,-9.13183989597917,-32.5730072510958,-9.1318398937217,-32.6302017049001
GPC,Stationary Energy,Manufacturing and Construction (Industrial),Manufacturing and Construction,Natural gas,Natural gas,SCF,16538490712.01,901282.2,17816916.04,902190.15,16402695040.52,893881.88,17670623.37,894782.37,17385399214.33,947435.36,18729290.57,948389.8,10781393511.8,587543.22,11614795.23,588135.11,9080206125.67,494835.25,9782106.06,495333.74,21058714673.4,1147616.49,22686553.32,1148772.6,21777624145.91,1186794.21,23461034.49,1187989.78,20024206441.51,1091239.9,21572077.6,1092339.2,110885790642.57,6042836.15,119457262.26,6048923.67,24943616289.81,1359328.24,26871757.83,1360697.62,24884990545.43,1356133.37,26808600.31,1357499.53,24888532516.4,1356326.39,26812416.08,1357692.74,26425554095.15,1440087.97,28468249.43,1441538.71,29136742367.68,1587836.99,31389012.55,1589436.57,28314142341.1,1543008.55,30502825.54,1544562.97,25680997378.54,1399512.58,27666138.48,1400922.44,25151035934.18,1370631.78,27095211.01,1372012.55,25757198324.76,1403665.23,27748229.76,1405079.28,14314567952.51,780087.22,15421084.06,780873.08,-13.446951104704,-13.4469514653679,-13.4469510583157,-13.4469512884839
GPC,Stationary Energy,Manufacturing and Construction (Industrial),Manufacturing and Construction,Steam,Steam,kg,2237335897.71,371793.14,7067265.02,372426.73,2230366020.87,297032.35,7045248.67,297523.44,2248579499.11,310680.78,7102781.15,311196.1,1845052652.7,244265.95,5828126.25,244652.4,1759386069.09,251314.48,5557523.85,251718.97,1819690775.43,223319.76,5748013.51,223657.18,1729478602.48,212431.39,5463052.57,212726.24,1485399017.5,152807.6,4692057.43,153007.22,1639199411.8,172140.31,5177879.94,172356.33,1639199411.8,181553.43,5177879.94,181761.04,1595541286.11,170960.14,5039973.27,171158.1,1458368718.22,144456.94,4606674.5,144609.91,1401500853.17,129248.8,4427041.09,129385.6,1588653489.4,167750.48,5018216.19,167932.57,1436706192.14,146379.05,4538247.22,146532.65,1180932055,98774.38,3730311.49,120445.72,1246804643.31,104871.29,3938388.89,127164.2,1295359712.07,122831.39,4091763.95,122963.1,1138145850.79,98218.62,3595159.03,98318.07,-49.1294153928815,-73.5824550178629,-49.1294154128099,-73.6006945580947
CLCPA Addition,Stationary Energy,Manufacturing and Construction (Industrial),Manufacturing and Construction,Upstream Electricity,Upstream Electricity,kWh,8779889925.83,0,76390310.29,2761319.51,8167536611.01,0,71062469.04,3075454.38,8426375735.24,0,73314524.72,2844964.61,8840352688.22,0,76916372.6,2984734.05,8714209431.34,0,75818850.58,2749649.73,8873552676.71,0,77205232.42,2722385.81,8955689219.85,0,77919869.63,2928186.28,8920220571.8,0,77611271.11,2847792.01,8912439822.85,0,77543573.92,2531589.11,8929716904.94,0,77693894.9,2374137.08,9025316596.5,0,78525669.58,2206679.2,9006092445.97,0,78358407.94,2196492.36,8941456437.93,0,77796035.88,1894339.22,9132679086.11,0,79459787.66,1997739.22,8939368045.18,0,77777865.61,1932552.36,7358075557.36,0,64019672.19,1590701.51,7493160956.96,0,65194996.22,1619904.88,7693001278.33,0,66933726.92,2193532.65,7978124434.76,0,69414469.46,2297660.5,-9.13183989597917,0,-9.1318398937217,-16.7912118942005
CLCPA Addition,Stationary Energy,Manufacturing and Construction (Industrial),Manufacturing and Construction,Upstream Steam,Upstream Steam,kg,2237335897.71,0,7067265.02,105732.37,2230366020.87,0,7045248.67,234663.66,2248579499.11,0,7102781.15,232659.35,1845052652.7,0,5828126.25,198799.55,1759386069.09,0,5557523.85,177031.48,1819690775.43,0,5748013.51,178142.17,1729478602.48,0,5463052.57,191850.6,1485399017.5,0,4692057.43,137304.14,1639199411.8,0,5177879.94,166587.39,1639199411.8,0,5177879.94,157073.62,1595541286.11,0,5039973.27,135545.59,1458368718.22,0,4606674.5,123979.43,1401500853.17,0,4427041.09,101839.61,1588653489.4,0,5018216.19,123219.88,1436706192.14,0,4538247.22,108924.17,1180932055,0,3730311.49,89532.6,1246804643.31,0,3938388.89,94526.75,1295359712.07,0,4091763.95,88404.85,1138145850.79,0,3595159.03,75591.03,-49.1294153928815,0,-49.1294154128099,-28.5072017207219
CLCPA Addition,Stationary Energy,Manufacturing and Construction (Industrial),Manufacturing and Construction,Upstream Natural gas,Upstream Natural gas,SCF,16538490712.01,0,17816916.04,715235.7,16402695040.52,0,17670623.37,709362.98,17385399214.33,0,18729290.57,751861.72,10781393511.8,0,11614795.23,466260.05,9080206125.67,0,9782106.06,392689.25,21058714673.4,0,22686553.32,910720.62,21777624145.91,0,23461034.49,941811.11,20024206441.51,0,21572077.6,865981.52,110885790642.57,0,119457262.26,4795448.22,24943616289.81,0,26871757.83,1078729.92,24884990545.43,0,26808600.31,1076194.55,24888532516.4,0,26812416.08,1076347.73,26425554095.15,0,28468249.43,1142818.89,29136742367.68,0,31389012.55,1260068.93,28314142341.1,0,30502825.54,1224494.16,25680997378.54,0,27666138.48,1110619.25,25151035934.18,0,27095211.01,1087700.15,25757198324.76,0,27748229.76,1113914.69,14314567952.51,0,15421084.06,619058.3,-13.446951104704,0,-13.4469510583157,-13.4469518230144
CLCPA Addition,Stationary Energy,Manufacturing and Construction (Industrial),Manufacturing and Construction,Downstream Natural gas,Downstream Natural gas,SCF,16538490712.01,0,17816916.04,101894.15,16402695040.52,0,17670623.37,101057.51,17385399214.33,0,18729290.57,107111.98,10781393511.8,0,11614795.23,66424.5,9080206125.67,0,9782106.06,55943.43,21058714673.4,0,22686553.32,129743.39,21777624145.91,0,23461034.49,134172.62,20024206441.51,0,21572077.6,123369.76,110885790642.57,0,119457262.26,683170.8,24943616289.81,0,26871757.83,153678.39,24884990545.43,0,26808600.31,153317.2,24888532516.4,0,26812416.08,153339.02,26425554095.15,0,28468249.43,162808.66,29136742367.68,0,31389012.55,179512.37,28314142341.1,0,30502825.54,174444.31,25680997378.54,0,27666138.48,158221.42,25151035934.18,0,27095211.01,154956.31,25757198324.76,0,27748229.76,158690.9,14314567952.51,0,15421084.06,88192.5,-13.446951104704,0,-13.4469510583157,-13.4469446970214
GPC,Stationary Energy,Fugitive natural gas,Fugitive,CH4 - natural gas distribution,Fugitive CH4,GJ,442833,206847.19,0,602006.87,426472,199204.97,0,579765,464257,216854.33,0,631131.61,471481,220228.66,0,640952.24,469628,219363.13,0,638433.19,877897.81,410065.86,0,1193453.33,913745.16,426810.14,0,1242185.8,830739.99,388038.45,0,1129344.89,940254.15,439192.49,0,1278223.3,1025278.94,478907.55,0,1393809.79,1008772.58,471197.43,0,1371370.3,1041898.42,486670.51,0,1416403.05,1053162.98,491932.18,0,1431716.59,1097743.35,512755.65,0,1492321.12,1115386.08,520996.57,0,1516305.43,1038543.86,485103.59,0,1411842.7,1035014.93,483455.23,0,1407045.32,1074730.93,502006.56,0,1461037.02,1039033.24,485332.18,0,1412508,134.633200326082,134.633199513129,0,134.633202773915
GPC,Transportation,Passenger cars (public and private),Passenger cars,Gasoline,Gasoline,VMT,17241220767.81,11130380.02,171946107.41,11141873.52,17323987851.26,11183631.24,171705220.19,11195179.57,17387033983.83,11392334.43,171259600.75,11405295.19,16774649083.69,10907038.57,164154550.71,10918875.43,16579181773.8,10698461.71,161203766.88,10709505.33,17519851145.21,11219286.95,169251777.53,11230265.04,16916037826.83,10749236.1,162355489.37,10759167.73,16693732044.4,10525567.7,159170776.5,10534709.78,16742659593.75,10473647.18,158581102.09,10482155.35,16563104422.48,10279300.11,155833320.02,10287063.66,17213569780.41,10597644.85,160863235.5,10605034.57,17784264564.37,10915274.21,165771053.43,10922896.66,18103690663.37,11088357.22,168314481.8,11096077.6,18370641895.67,9089757.15,1033915.09,9099655.21,18253238957.49,9014317.66,168821959.81,9024133,14951063606.39,6957601.27,137922422.46,7377563.26,18240637855.11,7974252.1,167826145,8983453.41,18871590216.6,7809623,173169864.37,7821189.78,19255462446.58,7942823.07,175460335.19,7954583.92,11.6827091648328,-28.6383478755652,2.04379606664804,-28.606406223143
GPC,Transportation,Passenger cars (public and private),Passenger cars,Diesel,Diesel,VMT,91007294.35,75131.67,1027050.23,75198.33,103079349.62,85097.84,1165781.96,85173.33,115158578.77,94647.13,1305179.2,94698.54,122278921.75,100723.7,1388838.21,100795.78,132001246.54,108974.5,1502457.96,109071.18,151349440.2,125225.37,1726344.2,125357.85,157538265.13,130635.15,1800748.04,130795.58,166747525.43,138577.83,1910049.68,138771.48,178566729.74,148728.14,2049756.39,148961.05,187864595.01,156817.19,2161031.77,157089.09,206935151.69,173115.93,2385410.17,173445.02,206573212.46,162978.5,2381237.97,163462.49,203106591.09,169913.06,2339056.87,170236.07,198670402.17,132421.9,0,133271.87,189990459.15,126636.36,2185407.72,127449.2,149583613.43,93599.46,1719793.2,100343.52,175061869.53,102398.26,2011416.97,117434.82,173395652.3,95527.14,1990684.27,96585.92,177597929.7,97842.26,2042400.65,98926.7,95.1469175833157,30.227718883395,98.8608337101487,31.5543842529482
GPC,Transportation,Passenger cars (public and private),Passenger cars,CNG,Natural gas,VMT,0,0,0,0,0,0,0,0,0,0,0,0,0,0,0,0,0,0,0,0,0,0,0,0,0,0,0,0,0,0,0,0,0,0,0,0,0,0,0,0,0,0,0,0,0,0,0,0,0,0,0,0,0,0,0,0,0,0,0,0,0,0,0,0,0,0,0,0,0,0,0,0,0,0,0,0,0,0,0,0
GPC,Transportation,Passenger cars (public and private),Passenger cars,Electricity,Electricity,VMT,0,0,0,0,188770.47,18.96,492.72,18.98,379161.6,48.26,989.68,48.32,550757.29,62.92,1437.58,62.99,727182.05,73.02,1898.08,73.11,909382.11,93.21,2373.65,93.32,1063161.44,98.82,2775.04,98.93,1226104.25,119.77,3200.35,119.91,1406993.82,125.87,3672.51,126.01,1583482.92,155.17,4133.18,155.35,1813721.5,173.63,4734.14,173.83,51579462.06,4966.75,134631.68,4972.55,87437912.78,8370.34,228228.69,8380.1,124490113.08,10813.48,31108.78,10824.74,159596277.86,13862.88,416575.01,13877.32,159102026.52,15058.18,415284.93,13834.34,229628106.67,23272.9,599370.69,19966.77,274957546.26,30495.36,321924.58,30526.63,389504965.46,43220.36,454460.89,43264.21,100,100,100,100
GPC,Transportation,Passenger cars (public and private),Passenger cars,Other,Other,VMT,0,0,0,0,0,0,0,0,0,0,0,0,0,0,0,0,0,0,0,0,0,0,0,0,0,0,0,0,0,0,0,0,0,0,0,0,0,0,0,0,0,0,0,0,0,0,0,0,0,0,0,0,0,0,0,0,0,0,0,0,0,0,0,0,0,0,0,0,0,0,0,0,0,0,0,0,0,0,0,0
GPC,Transportation,Medium duty trucks (public and private),Medium duty trucks,Gasoline,Gasoline,VMT,366138397.18,268443.02,4127988.42,268847.53,377312392.3,276635.5,4229360.51,277052.35,384637399.34,286242.22,4286383.37,286717.09,378991645.92,279953.7,4198752.34,280397,358613889.62,262926.25,3949607.44,263322.44,360312238.21,262187.28,3944807.84,262561.96,352353140.55,254455.38,3834690.76,254798.92,348891803.72,250034.48,3774269.22,250352,358529907.74,254967.31,3855154.32,255270.34,368635664.86,259702.98,3939781.83,259992.22,380207020.16,266195.49,4038660.85,266467.49,368431079.25,311168.67,3912883.3,311448.09,358926809.81,251185.01,3811205.51,251441.56,352223905.92,428311.37,376003.09,428617.57,338529259.54,411586.05,3592995.94,411880.27,270466790.97,362287.86,2869851.89,329005.78,282977083.17,414034.44,3001702.88,344147.96,286088344.09,448039.12,3033685.89,448317.81,283718319.02,444150.17,3005925.51,444426.46,-22.5106349934342,65.4541697526723,-27.18183279206,65.3079944606521
GPC,Transportation,Medium duty trucks (public and private),Medium duty trucks,Diesel,Diesel,VMT,121490182.96,117119.82,1542980.94,117248.56,128247530.38,123634.09,1647675.99,123769.99,133886700.82,126146.29,1739841.69,126236.1,135065444.53,128731.81,1775060.39,128848.68,130817432.29,126111.55,1738517.98,126250.17,134173331.36,130811.91,1802902.77,130980.18,134253603.06,132356.24,1823798.12,132550.71,135989624.63,135552.74,1867464.03,135776.18,142928229.15,144029.85,1983864.52,144292.47,150273243.32,153071.58,2108025.97,153376.92,158455606.87,163137.61,2246238.52,163490.39,177742751.92,206004.2,2519774.68,206576.73,199047278.97,204928.67,2821914.43,205371.82,223365118.13,333234.93,440094.49,334525.75,244565718.75,364863.77,3467454.88,366277.11,222027267.41,355875.33,3147983.91,332522.1,263574052.22,451714.78,3737131.5,394745.19,302218535.14,545889.26,4285141.81,548365.86,293678805.58,530464.18,4164065.94,532870.8,141.730482599316,352.924347049031,169.871508587786,354.479611519323
GPC,Transportation,Medium duty trucks (public and private),Medium duty trucks,CNG,Natural gas,VMT,0,0,0,0,207512.59,122.29,2607.33,122.5,425842.58,264.46,5208.7,264.72,633521.19,383.38,7537.84,383.91,804560.59,474.13,9304.86,474.97,1000274.46,573.59,11235.05,574.86,1181682.19,658.87,12878.9,660.62,1374297.45,744.46,14520.29,746.8,1624978.9,854.48,16627.48,857.59,1892485.97,965.13,18734.19,969.16,2186329.15,1080.29,20914.57,1085.42,1927977.9,1474.2,18443.16,1873.44,1674253.88,827.27,16016.02,831.2,1422095.31,2076.65,13603.86,3119.79,1723036.78,2516.1,16585.01,3780,1319045.86,2232.03,12726.17,2893.72,1312449.12,2525.19,12698.99,2879.25,1249609.37,2645.75,12134.79,4183.68,1039662.15,2201.24,10125.28,3480.78,100,100,100,100
GPC,Transportation,Medium duty trucks (public and private),Medium duty trucks,Electricity,Electricity,VMT,0,0,0,0,0,0,0,0,0,0,0,0,0,0,0,0,0,0,0,0,0,0,0,0,0,0,0,0,0,0,0,0,0,0,0,0,0,0,0,0,0,0,0,0,484245.59,144.55,3918.3,144.72,989858.74,293.75,8009.5,294.09,1532410.74,412.64,12399.59,413.07,2070892.22,557.63,16756.74,558.22,2252897.3,661,18229.45,607.28,3001733.65,943.1,24288.7,809.13,3771484.98,1296.71,30517.19,1298.04,10614688.92,3651.27,85889.37,3654.98,100,100,100,100
GPC,Transportation,Heavy duty trucks (public and private),Heavy duty trucks,Gasoline,Gasoline,VMT,0,0,0,0,0,0,0,0,0,0,0,0,0,0,0,0,0,0,0,0,0,0,0,0,0,0,0,0,0,0,0,0,0,0,0,0,0,0,0,0,0,0,0,0,11631113.42,19430.03,274910.36,19446.53,23568183.85,39449.87,557052.25,39484.43,36785344.18,61134.92,7420.63,61182.47,50206277.93,83439.66,1186664.19,83504.56,58688461.59,97368.56,1387147.16,97612.38,76756224.59,127124.67,1814192.71,127663.22,92327326.69,152693.54,2182227.75,152801.99,89828310.77,148560.6,2123159.34,148666.11,100,100,100,100
GPC,Transportation,Heavy duty trucks (public and private),Heavy duty trucks,Diesel,Diesel,VMT,593693069.88,1362756.54,18831026.43,1364045.94,607371546.54,1394153.97,19255375.55,1395473.07,618701473.75,1421051.56,19604877.48,1421812.26,592294563.6,1359972.91,18758843.22,1360980.21,542241514.98,1244655.21,17165098.16,1245832.87,594082417.64,1363222.47,18796934.74,1364792.63,592530666.76,1359235.06,18738684.21,1361080.29,581418892.16,1333326.57,18378295.12,1335411.13,583491345.84,1337659.03,18434791.03,1340025.94,567604819.93,1300831.01,17924105.4,1303400.91,581505836.89,1332269.8,18354096.18,1335176.61,580303708.67,1312176.61,18314755.92,1315313.51,575277507.45,1317814.61,18154679.51,1320690.12,585424779.42,1278874.05,3021894.25,1282650.93,585776210.25,1279566.64,18482850.11,1283345.6,535183019.85,1155371.4,16884955.76,1172431.65,569543192,1215003.21,17967296.73,1247624.51,573044386.48,1210275.38,18075934.3,1214537.56,470515589.18,990392.05,14759145.08,993875.61,-20.7476702945004,-27.3243590524247,-21.6232575804419,-27.1376732370172
GPC,Transportation,Heavy duty trucks (public and private),Heavy duty trucks,CNG,Natural gas,VMT,0,0,0,0,0,0,0,0,0,0,0,0,0,0,0,0,0,0,0,0,0,0,0,0,0,0,0,0,0,0,0,0,0,0,0,0,0,0,0,0,0,0,0,0,644655.11,1210.04,23623.19,1294.87,1306198.98,2423.44,47865.27,2431.76,2038686.31,3940.4,0,4865.17,2782465.5,5377.98,101962.61,6640.14,3252536.62,6347.02,119188.22,7761.93,4253843.88,8380.08,155880.83,10151.47,5116784.32,0,0,0,4977564.31,0,0,0,100,0,0,0
GPC,Transportation,Heavy duty trucks (public and private),Heavy duty trucks,Electricity,Electricity,VMT,0,0,0,0,0,0,0,0,0,0,0,0,0,0,0,0,0,0,0,0,0,0,0,0,0,0,0,0,0,0,0,0,0,0,0,0,0,0,0,0,0,0,0,0,0,0,0,0,0,0,0,0,679590.47,440.37,13232.95,440.83,927510.28,601.02,18060.43,601.64,1084192.45,765.49,21111.33,703.28,1417955.36,1072.08,27610.35,919.78,1705594.77,0,0,0,1894752.86,195,4586.9,195.19,100,100,100,100
GPC,Transportation,Heavy duty trucks (public and private),Heavy duty trucks,Biofuel,Biofuel,VMT,0,0,0,0,0,0,0,0,0,0,0,0,0,0,0,0,0,0,0,0,0,0,0,0,0,0,0,0,0,0,0,0,0,0,0,0,0,0,0,0,0,0,0,0,0,0,0,0,0,0,0,0,0,0,0,0,0,0,0,0,0,0,0,0,0,0,0,0,0,0,0,0,86727091.16,355.75,2731437.82,422.53,100,100,100,100
GPC,Transportation,Refuse Truck (public and private),Refuse trucks,Diesel,Diesel,VMT,38600985.12,61694.52,941745.16,61743.4,38741310.93,61918.8,944295.49,61967.85,38882146.86,62248.39,946851.91,62275.45,39023494.78,62422.24,949414.44,62460.53,39165356.54,62596.54,951983.09,62646.13,39307734,62771.28,954557.87,62832.25,39450421.07,62946.13,957133.74,63018.57,39593041.47,63120.49,959701.56,63204.48,39735661.87,63294.46,962262.96,63390.08,39875942.15,63464.12,964761.31,63571.44,40020902.66,63641.27,967366.46,63760.39,39815717.62,64614.65,962406.82,64725.78,39633563.13,63016.4,957868.42,63134.35,39437514.73,67302.55,953061.27,67393.79,39239869.96,66962.3,948215.12,67053.08,39040620.8,67713.56,943329.75,66709.62,38839759.2,68451.59,938404.99,66363.38,38637277.07,68995.63,933440.63,69067.62,38808980.89,69301.75,937570.15,69374.06,0.538835393328437,12.3304792710925,-0.443326939954755,12.3586650556983
GPC,Transportation,Refuse Truck (public and private),Refuse trucks,CNG,Natural gas,VMT,0,0,0,0,0,0,0,0,0,0,0,0,0,0,0,0,0,0,0,0,0,0,0,0,0,0,0,0,0,0,0,0,0,0,0,0,0,0,0,0,0,0,0,0,33840.13,57.4,983.32,68.33,67890.07,103.59,1972.73,109.72,132671.73,283.11,3855.14,405.34,177444.02,378.66,5156.12,542.14,222492.62,507.26,6465.13,679.77,267818.82,649.68,7782.2,818.25,313423.9,798.43,9107.38,1264.31,262467.25,668.62,7626.7,1058.76,100,100,100,100
GPC,Transportation,Refuse Truck (public and private),Refuse trucks,Gasoline,Gasoline,VMT,0,0,0,0,0,0,0,0,0,0,0,0,0,0,0,0,0,0,0,0,0,0,0,0,0,0,0,0,0,0,0,0,0,0,0,0,0,0,0,0,0,0,0,0,272993.35,427.83,6146.39,428.37,547679.25,869.43,12330.89,869.65,824065.58,1248.41,18553.68,1253.4,1102160.25,1669.7,24814.93,1676.38,1381971.18,2069.54,31114.82,2101.98,1663506.35,2462.18,37453.53,2530.19,1946773.76,2853.2,43831.24,2872.51,1952808.75,2862.04,43967.12,2881.41,100,100,100,100
GPC,Transportation,For Hire,For hire vehicles,Gasoline,Gasoline,VMT,1985823083,1280453.84,19787676.37,1281774.76,1985823083,1279841.85,19656903.32,1281161.62,1985823083,1298180.3,19517151.17,1299653.53,1985823083,1282314.96,19303514.02,1283697.42,1983837259.92,1263872.29,19050207.3,1265163.01,1985823083,1247245.15,18823076.21,1248448.42,2075750180,1283869.75,19399582.48,1285035.91,2067222448,1260962.28,19075751.81,1262038.14,2082276524,1255339.48,19012261.08,1256342.33,2258424839,1349621.97,20463204.32,1350627.09,2239086423,1291323.79,19602925.58,1292206.72,2206395319,1179948.04,18813995.84,1180865.64,2044735615,1144328.56,17372560.92,1145103.5,2379098747,1116379.18,0,1117592.79,2914674537.8,1366205.25,25084654.59,1367690.39,1334379043.6,593219.72,11459431.85,625181.56,1536403976.09,651624.27,13370297.59,726722.84,1974190713.73,802450.21,17416983.9,803636.9,2096321271.83,846499.83,18225966.57,847750.95,5.56435212058616,-33.8906406809636,-7.89233546576344,-33.8611605989183
GPC,Transportation,For Hire,For hire vehicles,Diesel,Diesel,VMT,0,0,0,0,0,0,0,0,0,0,0,0,0,0,0,0,0,0,0,0,0,0,0,0,0,0,0,0,0,0,0,0,0,0,0,0,0,0,0,0,0,0,0,0,0,0,0,0,0,0,0,0,0,0,0,0,0,0,0,0,0,0,0,0,0,0,0,0,1998168.74,1100.83,23033.55,1113.03,2163386.25,1191.85,24938.07,1205.06,100,100,100,100
GPC,Transportation,For Hire,For hire vehicles,Electricity,Electricity,VMT,0,0,0,0,0,0,0,0,0,0,0,0,0,0,0,0,0,0,0,0,0,0,0,0,0,0,0,0,0,0,0,0,0,0,0,0,0,0,0,0,0,0,0,0,0,0,0,0,0,0,0,0,0,0,0,0,0,0,0,0,1335714.76,126.42,3486.46,116.14,7720623,782.49,20152.22,671.33,21979856.12,2437.77,22498.58,2440.27,64901587.36,7201.63,66433.26,7208.93,100,100,100,100
GPC,Transportation,School Bus,School buses,Gasoline,Gasoline,VMT,0,0,0,0,0,0,0,0,0,0,0,0,0,0,0,0,0,0,0,0,0,0,0,0,0,0,0,0,0,0,0,0,0,0,0,0,0,0,0,0,0,0,0,0,6165880.17,4837.28,65463.4,4850.54,12584063.72,8810.52,133605.51,8819.52,19254550.65,19283.96,0,19396.48,26177340.96,26217.33,277925.89,26370.3,33352434.65,35815.92,354104.15,33598.29,40779831.71,46741.72,294105.22,41080.43,49205405.23,59365.14,354870.68,59824.27,53771088.79,64873.53,387798.51,65375.26,100,100,100,100
GPC,Transportation,School Bus,School buses,Diesel,Diesel,VMT,51309025,49463.29,650953.34,49517.66,52663657.39,50769.19,676013.14,50825,54018289.77,50895.32,701478,50931.56,55372922.16,52776.32,727347.91,52824.23,56727554.55,54686.9,753622.89,54747.01,58082186.93,56627.06,780302.92,56699.91,59436819.32,58596.82,807388.02,58682.91,60791451.71,60596.15,834878.17,60696.03,62146084.09,62625.08,862773.38,62739.27,63500716.48,64683.2,891073.66,64812.23,64855348.87,66771.68,919778.99,66916.07,60041632.4,64022.7,851510.83,64149.14,54982267.99,56606.87,779758.89,56729.28,49663878.19,57651.02,0,57740.22,44093083.99,51184.31,625328.41,51263.5,38277048.26,45638.88,542845.35,44501.66,32201580.73,39409.47,323382.72,37438.2,26256851.98,32823.48,263683.08,32862.95,28693179.39,35869.11,288149.78,35912.25,-44.0777146125852,-27.4833720118496,-55.734188259945,-27.4758742638485
GPC,Transportation,School Bus,School buses,Electricity,Electricity,VMT,0,0,0,0,0,0,0,0,0,0,0,0,0,0,0,0,0,0,0,0,0,0,0,0,0,0,0,0,0,0,0,0,0,0,0,0,0,0,0,0,0,0,0,0,0,0,0,0,0,0,0,0,0,0,0,0,0,0,0,0,0,0,0,0,0,0,0,0,0,0,0,0,0,0,0,0,0,0,0,0
CLCPA Addition,Transportation,Passenger cars (public and private),Passenger cars,Upstream CNG,Upstream CNG,VMT,0,0,0,0,0,0,0,0,0,0,0,0,0,0,0,0,0,0,0,0,0,0,0,0,0,0,0,0,0,0,0,0,0,0,0,0,0,0,0,0,0,0,0,0,0,0,0,0,0,0,0,0,0,0,0,0,0,0,0,0,0,0,0,0,0,0,0,0,0,0,0,0,0,0,0,0,0,0,0,0
CLCPA Addition,Transportation,Passenger cars (public and private),Passenger cars,Downstream CNG,Downstream CNG,VMT,0,0,0,0,0,0,0,0,0,0,0,0,0,0,0,0,0,0,0,0,0,0,0,0,0,0,0,0,0,0,0,0,0,0,0,0,0,0,0,0,0,0,0,0,0,0,0,0,0,0,0,0,0,0,0,0,0,0,0,0,0,0,0,0,0,0,0,0,0,0,0,0,0,0,0,0,0,0,0,0
CLCPA Addition,Transportation,Medium duty trucks (public and private),Medium duty trucks,Upstream CNG,Upstream CNG,VMT,0,0,0,0,207512.59,0,2607.33,8.92,425842.58,0,5208.7,28.16,633521.19,0,7537.84,56.53,804560.59,0,9304.86,90.39,1000274.46,0,11235.05,135.5,1181682.19,0,12878.9,187.39,1374297.45,0,14520.29,249.7,1624978.9,0,16627.48,332.81,1892485.97,0,18734.19,431.34,2186329.15,0,20914.57,548.85,1927977.9,0,18443.16,42637.14,1674253.88,0,16016.02,68402.39,1422095.31,0,13603.86,84751.11,1723036.78,0,16585.01,134976.57,1319045.86,0,12726.17,103329.36,1312449.12,0,12698.99,102812.59,1249609.37,0,12134.79,164241.8,1039662.15,0,10125.28,136647.49,100,0,100,100
CLCPA Addition,Transportation,Medium duty trucks (public and private),Medium duty trucks,Downstream CNG,Downstream CNG,VMT,0,0,0,0,207512.59,0,2607.33,8.92,425842.58,0,5208.7,28.16,633521.19,0,7537.84,56.53,804560.59,0,9304.86,90.39,1000274.46,0,11235.05,135.5,1181682.19,0,12878.9,187.39,1374297.45,0,14520.29,249.7,1624978.9,0,16627.48,332.81,1892485.97,0,18734.19,431.34,2186329.15,0,20914.57,548.85,1927977.9,0,18443.16,42637.14,1674253.88,0,16016.02,68402.39,1422095.31,0,13603.86,84751.11,1723036.78,0,16585.01,134976.57,1319045.86,0,12726.17,103329.36,1312449.12,0,12698.99,102812.59,1249609.37,0,12134.79,164241.8,1039662.15,0,10125.28,136647.49,100,0,100,100
CLCPA Addition,Transportation,Heavy duty trucks (public and private),Heavy duty trucks,Upstream CNG,Upstream CNG,VMT,0,0,0,0,0,0,0,0,0,0,0,0,0,0,0,0,0,0,0,0,0,0,0,0,0,0,0,0,0,0,0,0,0,0,0,0,0,0,0,0,0,0,0,0,644655.11,0,23623.19,9059.73,1306198.98,0,47865.27,33328.83,2038686.31,0,0,75386.89,2782465.5,0,101962.61,134783.88,3252536.62,0,119188.22,157554.34,4253843.88,0,155880.83,206058.12,5116784.32,0,0,414034.41,4977564.31,0,0,402769.16,100,0,0,100
CLCPA Addition,Transportation,Heavy duty trucks (public and private),Heavy duty trucks,Downstream CNG,Downstream CNG,VMT,0,0,0,0,0,0,0,0,0,0,0,0,0,0,0,0,0,0,0,0,0,0,0,0,0,0,0,0,0,0,0,0,0,0,0,0,0,0,0,0,0,0,0,0,644655.11,0,23623.19,9059.73,1306198.98,0,47865.27,33328.83,2038686.31,0,0,75386.89,2782465.5,0,101962.61,134783.88,3252536.62,0,119188.22,157554.34,4253843.88,0,155880.83,206058.12,5116784.32,0,0,414034.41,4977564.31,0,0,402769.16,100,0,0,100
CLCPA Addition,Transportation,Refuse Truck (public and private),Refuse trucks,Upstream CNG,Upstream CNG,VMT,0,0,0,0,0,0,0,0,0,0,0,0,0,0,0,0,0,0,0,0,0,0,0,0,0,0,0,0,0,0,0,0,0,0,0,0,0,0,0,0,0,0,0,0,33840.13,0,983.32,1167.05,67890.07,0,1972.73,3787.24,132671.73,0,3855.14,10226.68,177444.02,0,5156.12,17456.99,222492.62,0,6465.13,21888.88,267818.82,0,7782.2,26348.09,313423.9,0,9107.38,49747.82,262467.25,0,7626.7,41659.79,100,0,100,100
CLCPA Addition,Transportation,Refuse Truck (public and private),Refuse trucks,Downstream CNG,Downstream CNG,VMT,0,0,0,0,0,0,0,0,0,0,0,0,0,0,0,0,0,0,0,0,0,0,0,0,0,0,0,0,0,0,0,0,0,0,0,0,0,0,0,0,0,0,0,0,33840.13,0,983.32,1167.05,67890.07,0,1972.73,3787.24,132671.73,0,3855.14,10226.68,177444.02,0,5156.12,17456.99,222492.62,0,6465.13,21888.88,267818.82,0,7782.2,26348.09,313423.9,0,9107.38,49747.82,262467.25,0,7626.7,41659.79,100,0,100,100
CLCPA Addition,Transportation,Passenger cars (public and private),Passenger cars,Upstream Electricity,Upstream Electricity,VMT,0,0,0,0,188770.47,0,492.72,21.32,379161.6,0,989.68,38.4,550757.29,0,1437.58,55.79,727182.05,0,1898.08,68.84,909382.11,0,2373.65,83.7,1063161.44,0,2775.04,104.28,1226104.25,0,3200.35,117.43,1406993.82,0,3672.51,119.9,1583482.92,0,4133.18,126.3,1813721.5,0,4734.14,133.04,51579462.06,0,134631.68,3773.91,87437912.78,0,228228.69,5557.39,124490113.08,0,31108.78,8169.52,159596277.86,0,416575.01,10350.67,159102026.52,0,415284.93,10318.62,229628106.67,0,599370.69,14892.61,274957546.26,0,321924.58,23519.89,389504965.46,0,454460.89,33652.65,100,0,100,100
CLCPA Addition,Transportation,Medium duty trucks (public and private),Medium duty trucks,Upstream Electricity,Upstream Electricity,VMT,0,0,0,0,0,0,0,0,0,0,0,0,0,0,0,0,0,0,0,0,0,0,0,0,0,0,0,0,0,0,0,0,0,0,0,0,0,0,0,0,0,0,0,0,484245.59,0,3918.3,109.84,989858.74,0,8009.5,195.03,1532410.74,0,12399.59,311.74,2070892.22,0,16756.74,416.36,2252897.3,0,18229.45,452.95,3001733.65,0,24288.7,603.5,3771484.98,0,30517.19,1000.1,10614688.92,0,85889.37,2842.99,100,0,100,100
CLCPA Addition,Transportation,Heavy duty trucks (public and private),Heavy duty trucks,Upstream Electricity,Upstream Electricity,VMT,0,0,0,0,0,0,0,0,0,0,0,0,0,0,0,0,0,0,0,0,0,0,0,0,0,0,0,0,0,0,0,0,0,0,0,0,0,0,0,0,0,0,0,0,0,0,0,0,0,0,0,0,679590.47,0,13232.95,332.7,927510.28,0,18060.43,448.75,1084192.45,0,21111.33,524.55,1417955.36,0,27610.35,686.04,1705594.77,0,0,1088.39,1894752.86,0,4586.9,1221.23,100,0,100,100
CLCPA Addition,Transportation,School Bus,School buses,Upstream Electricity,Upstream Electricity,VMT,0,0,0,0,0,0,0,0,0,0,0,0,0,0,0,0,0,0,0,0,0,0,0,0,0,0,0,0,0,0,0,0,0,0,0,0,0,0,0,0,0,0,0,0,0,0,0,0,0,0,0,0,0,0,0,0,0,0,0,0,0,0,0,0,0,0,0,0,0,0,0,0,0,0,0,0,0,0,0,0
CLCPA Addition,Transportation,For Hire,For hire vehicles,Upstream Electricity,Upstream Electricity,VMT,0,0,0,0,0,0,0,0,0,0,0,0,0,0,0,0,0,0,0,0,0,0,0,0,0,0,0,0,0,0,0,0,0,0,0,0,0,0,0,0,0,0,0,0,0,0,0,0,0,0,0,0,0,0,0,0,0,0,0,0,1335714.76,0,3486.46,86.63,7720623,0,20152.22,500.72,21979856.12,0,22498.58,1880.16,64901587.36,0,66433.26,5607.4,100,0,100,100
GPC,Transportation,Buses,Buses,Diesel,Diesel,VMT,339477973.55,674530.21,9300446.98,674663.89,322626655.74,640397.9,8829112.84,640608.16,323209653.2,640904.59,8835400.98,641198.59,270725155.26,536286.21,7392582.69,536602.29,267982573.48,530313.98,7309712.4,530695.98,266429810.18,526704.95,7259441.75,527153.45,252812610.79,499276.27,6880917.19,499767.05,253623586.61,500367.38,6895486.93,500925.15,253820639.81,500245.27,6893351.91,500868.94,259790075.16,511487.52,7048365.94,512192.85,250565731.63,492821.66,6790209.22,493566.57,243438549.35,476984.23,6597066.05,477869.77,238732893.25,466234.78,6469545.06,467239.23,240132444.92,467429.71,6507472.23,468576.86,220337837.57,427487,5971048.02,428665.13,173681281.78,335853.96,4706678.09,336881.57,202132231.52,389575.72,5477684.97,390886.84,208939390.89,413191.14,5662155.67,403034.43,217598675.85,430315.44,5633966.4,430336.75,-35.9019751489264,-36.2051641838251,-39.4226276208501,-36.2146460810286
GPC,Transportation,Buses,Buses,CNG,Natural gas,VMT,6523813.14,12532.5,247859.85,12535.75,6537035.49,12412.81,247859.85,12417.98,40484746.73,75975.68,1531931.04,76019.54,42055202.25,77989.48,1588150.77,78047.34,40570785.48,74336.25,1529013.78,74403.92,37590231.83,68040.81,1413841.49,68114.48,36192538.21,64707.62,1358545.67,64789.13,37340822.5,65931.84,1398847.29,66026.85,38351608.59,66865.37,1433847.52,66974.16,39662225.57,68269.24,1349170.12,68393.33,40318337.23,68504.64,1353506.32,68642.57,40655649.85,70819.53,1364830.07,73786.04,36798317.11,65451.59,1235337.52,70330.23,39251095.26,71255.61,1317678.48,78799.21,30250532.33,56027.02,1015525.18,63644.08,21419168.25,40456.99,719051.96,47127.14,33248656.15,64021.73,1116173.66,76357.68,43719633.61,73474.19,1467689.5,103914.63,45325026.96,76172.18,1452467.94,76248.91,594.762801866517,507.797167364851,486.003719440644,508.251680194643
CLCPA Addition,Transportation,Buses,Buses,Upstream CNG,Upstream CNG,VMT,6523813.14,0,247859.85,365.84,6537035.49,0,247859.85,580.84,40484746.73,0,1531931.04,4924.12,42055202.25,0,1588150.77,6493.53,40570785.48,0,1529013.78,7594.08,37590231.83,0,1413841.49,8268.23,36192538.21,0,1358545.67,9147.05,37340822.5,0,1398847.29,10661.14,38351608.59,0,1433847.52,12206.74,39662225.57,0,1349170.12,13923.86,40318337.23,0,1353506.32,15475.66,40655649.85,0,1364830.07,332797.51,36798317.11,0,1235337.52,547306.08,39251095.26,0,1317678.48,846272.97,30250532.33,0,1015525.18,854512.75,21419168.25,0,719051.96,748283.43,33248656.15,0,1116173.66,1383895.14,43719633.61,0,1505802.85,59055.38,45325026.96,0,1452467.94,59055.38,594.762801866517,0,486.003719440644,16042.40651651
CLCPA Addition,Transportation,Buses,Buses,Downstream CNG,Downstream CNG,VMT,6523813.14,0,247859.85,365.84,6537035.49,0,247859.85,580.84,40484746.73,0,1531931.04,4924.12,42055202.25,0,1588150.77,6493.53,40570785.48,0,1529013.78,7594.08,37590231.83,0,1413841.49,8268.23,36192538.21,0,1358545.67,9147.05,37340822.5,0,1398847.29,10661.14,38351608.59,0,1433847.52,12206.74,39662225.57,0,1349170.12,13923.86,40318337.23,0,1353506.32,15475.66,40655649.85,0,1364830.07,332797.51,36798317.11,0,1235337.52,547306.08,39251095.26,0,1317678.48,846272.97,30250532.33,0,1015525.18,854512.75,21419168.25,0,719051.96,748283.43,33248656.15,0,1116173.66,1383895.14,43719633.61,0,1505802.85,8611.62,45325026.96,0,1452467.94,8611.62,594.762801866517,0,486.003719440644,2253.93068007872
GPC,Transportation,Railways,Railways,Electricity - subway and commuter rail,Electricity,kWh,2223041707.65,1108101.94,19341796.68,1109649.97,2140907587.58,899645.16,18627180.56,900763.45,2158819942.68,915935.3,18783028.79,917074.44,2233046139.92,850298.62,19428841.25,851345.05,2382461920.32,797434.1,20728848.18,798396.83,2218898721.62,758085.28,19305750.22,758975.67,2114957235.83,655276.78,18401396.93,655977.93,2173059596.96,707583.27,18906922.33,708387.67,2212254150.92,659696.1,19247938.47,660427.47,2154131108.12,703650.65,18742233.12,704466.82,2163557443.17,690384.02,18824247.89,691188.47,2128891160.85,683325.91,18522630.43,684123.25,2104459509.88,589965.7,18310060.41,590609.25,2195841805.3,675197.25,19105141.21,675949.56,2229864150.72,645635.99,19401156.03,646308.52,1851196246.62,584020.16,16106518.06,536554.62,1992455247.51,673120.53,17335556.13,577497.42,1994719603.03,737795.53,17355257.38,738199.53,1994719603.03,737795.53,17355257.38,738199.53,-10.2707071952043,-33.4180815530383,-10.270707178171,-33.4745595496208
GPC,Transportation,Railways,Railways,Diesel - commuter rail,Diesel,gallon,1375601.3,14233.32,191731.31,14291.97,1400047.04,14486.26,195138.56,14545.96,1400047.04,14486.26,195138.56,14545.96,1408755.52,14576.37,196352.34,14636.43,1364645.28,14119.96,190204.26,14178.15,1337774.13,13841.92,186458.96,13898.96,1370975.43,14185.46,191086.55,14243.91,1252326.23,12957.79,174549.23,13011.19,1441746.75,14917.72,200950.66,14979.2,1445165.5,14953.1,201427.17,15014.72,1440318.85,14902.95,200751.64,14964.37,1328500.45,13745.97,185166.39,13802.61,1426605.45,14761.06,198840.27,14821.89,1461415.38,15121.24,203692.07,15183.55,1691957.64,17506.65,235825.06,17578.8,1291342.37,13361.49,179987.3,13416.56,1480224.41,15315.85,206313.68,15378.97,1582281.99,16371.84,220538.46,16439.31,1582281.99,16371.84,220538.46,16439.31,15.0247524482566,15.0247447538593,15.0247500004042,15.0248006397998
CLCPA Addition,Transportation,Railways,Railways,Upstream Electricity,Upstream Electricity,kWh,2223041707.65,0,19341796.68,699157.79,2140907587.58,0,18627180.56,806150.49,2158819942.68,0,18783028.79,728874.02,2233046139.92,0,19428841.25,753934.72,2382461920.32,0,20728848.18,751753.31,2218898721.62,0,19305750.22,680753.09,2114957235.83,0,18401396.93,691514.48,2173059596.96,0,18906922.33,693752.1,2212254150.92,0,19247938.47,628393.42,2154131108.12,0,18742233.12,572717.21,2163557443.17,0,18824247.89,528987.23,2128891160.85,0,18522630.43,519214.43,2104459509.88,0,18310060.41,445851.32,2195841805.3,0,19105141.21,480332.14,2229864150.72,0,19401156.03,482061.95,1851196246.62,0,16106518.06,400199.84,1992455247.51,0,17335556.13,430737.84,1994719603.03,0,17355257.38,574469.41,1994719603.03,0,17355257.38,574469.41,-10.2707071952043,0,-10.270707178171,-17.8340829185355
GPC,Transportation,Marine Navigation,Marine Navigation,Diesel - marine navigation,Marine diesel,gallon,4820479.61,50737.18,671878.45,52384.11,4584689.5,48255.41,639014.02,49821.78,3135128.85,32998.29,436974.26,34069.42,4333150.72,45607.88,603954.55,47088.31,4353756.39,45824.76,606826.57,47312.24,4979305.3,52408.88,694015.57,54110.07,5195635.79,54685.83,724167.72,56460.93,3053309.6,32137.12,425570.29,33180.29,8636341,90900.42,1203733.21,93851.05,5091416.5,53588.88,709641.63,55328.38,5377481,56599.81,749513.3,58437.04,8307993,87444.44,1157968.06,90282.89,5897877.05,62077.16,822046.1,64092.18,9831136.38,103476.04,1370263.79,106834.88,9558681,100608.36,1252774.2,103874.11,7946576.2,83640.41,1247176.97,86355.38,8948034,94181.09,94603767.8,97238.21,8988192,94603.77,1252774.2,97674.61,9388172.1,98813.69,1308523.43,102021.19,94.7559757440816,94.7559757952649,94.7559755786184,94.7559861186913
GPC,Transportation,Marine Navigation,Marine Navigation,Biofuel,Biofuel,gallon,0,0,0,0,0,0,0,0,0,0,0,0,0,0,0,0,0,0,0,0,0,0,0,0,0,0,0,0,0,0,0,0,35,0,4.52,0,22.5,0,2.91,0,55,0,7.11,0,25,0,3.23,0,821.25,0.01,106.17,0.01,0,0,0,0,0,0,0,0,300.1,0,0.01,0,0.05,0,0,0,0,0,0,0,0,0,0,0,0,0,0,0
GPC,Transportation,Aviation,Aviation,Jet fuel - aviation,Jet fuel,gallon,246497.04,2068.58,29875.44,2068.58,254180.49,2133.06,30806.67,2133.06,247583.58,2077.7,30007.13,2077.7,228389.37,1916.62,27680.79,1916.62,214669.87,1801.49,26017.99,1801.49,226287.36,1898.98,27426.03,1898.98,186530.26,1565.34,22607.47,1565.34,158166.91,1327.32,19169.83,1327.32,210480.7,1766.33,25510.26,1766.33,236753.3,1986.81,28694.5,1986.81,268598,2254.05,32554.08,2254.05,257397.1,2160.05,31196.53,2160.05,254139,2132.71,30801.65,2132.71,226536.6,1901.07,27456.24,1901.07,200710.6,1684.34,20544.92,1684.34,190426.9,1598.04,20293.33,1598.04,167436.7,1405.11,1422531.95,1405.11,169512.5,1422.53,20544.92,1422.53,248090.9,2081.95,30068.62,2081.95,0.646604113380017,0.646337100813113,0.646618091649865,0.646337100813113
GPC,Waste,Landfills,Landfills,Exported solid waste - landfills,CH4,MT,7420036.11,2256528.29,0,6567386.99,6454706.06,1962959.02,0,5712984.68,6366451.22,1936119.59,0,5634871.36,6351754.26,1931650.06,0,5621863.25,6235455.51,1896282.11,0,5518928.59,6163776.94,1874483.74,0,5455486.72,6308840.79,1918599.52,0,5583881.04,6221994.67,1892188.5,0,5507014.56,6191594.39,1882943.38,0,5480107.63,6245818.31,1899433.58,0,5528100.58,6166621.39,1875348.77,0,5458004.32,6205162.84,1887069.72,0,5492116.9,6221001.96,1891886.6,0,5506135.92,6254262.74,1902001.63,0,5535574.65,6264380.99,1905078.73,0,5544530.2,6423022.5,1953323.64,0,5684941.93,6316535.18,1920939.48,0,5590691.26,6266991.55,1905872.63,0,5546840.77,6091930.01,1852634.17,0,5391895.85,-17.8989169366724,-17.8989167470176,0,-17.8989169024133
GPC,Waste,Biological treatment,Biological treatment,CH4 and N2O - composting,CH4 and N2O from composting,MT,26351,5098.92,0,10716.95,36787.16,7118.32,0,14961.34,26374.39,5103.44,0,10726.46,18717.19,3621.78,0,7612.28,20689.42,4003.4,0,8414.39,21730.67,4204.88,0,8837.86,20101.28,3889.6,0,8175.19,18731.65,3624.57,0,7618.16,20562.45,3978.83,0,8362.75,29207.44,5651.64,0,11878.67,36807.66,7122.28,0,14969.67,43783.36,8472.08,0,17806.69,57098.08,11048.48,0,23221.79,72940.27,14113.94,0,29664.81,68451.46,13245.36,0,27839.21,44652.3,8640.22,0,18160.09,39428.22,7629.36,0,16035.46,44698.9,8649.24,0,18179.04,49247.49,9529.39,0,20028.96,86.890402641266,86.8903610960752,0,86.890486565674
GPC,Waste,Wastewater treatment,Wastewater treatment,CH4 - wastewater treatment plants,CH4,MT,6536.09,182356.92,0,530730.54,6834.84,190692.02,0,554988.97,12180.65,339840.11,0,989068.69,11986.32,334418.34,0,973289.23,10704.3,298649.93,0,869189.05,9217.05,257155.7,0,748424.47,9956.32,277781.46,0,808453.58,7499.95,209248.61,0,608995.94,6596.89,184053.35,0,535667.82,5698.74,158994.76,0,462737.43,6118.91,170717.61,0,496855.57,4140.57,115521.82,0,336214.04,3192.28,89064.5,0,259212.82,4986.15,139113.46,0,404875.01,6091.35,169948.59,0,494617.39,2645.06,73797.24,0,214779.05,2270.86,63356.93,0,184393.65,2097.74,58526.93,0,170336.43,1316.5,36730.25,0,106899.51,-79.8579884915905,-79.8580443231877,0,-79.8580443477023
GPC,Waste,Wastewater treatment,Wastewater treatment,N2O - wastewater treatment plants,N2O,MT,285.64,77978.75,0,77978.75,278.32,75981.91,0,75981.91,286.83,78303.24,0,78303.24,291.98,79711.56,0,79711.56,294.02,80266.29,0,80266.29,279.61,76334.62,0,76334.62,278.04,75905.98,0,75905.98,258.62,70604.62,0,70604.62,256.88,70129.07,0,70129.07,255.48,69745.78,0,69745.78,251.31,68607.51,0,68607.51,236.62,64598.14,0,64598.14,248.91,67952.02,0,67952.02,255.27,69689.67,0,69689.67,245.41,66996.1,0,66996.1,213.21,58207.55,0,58207.55,216.15,59009.39,0,59009.39,220.24,60125.01,0,60125.01,225.6,61588.37,0,61588.37,-21.0194650609158,-21.0190340317074,0,-21.0190340317074
Total,Total,Total,Total,Total,Total,Total,857130216948.92,64378720.21,2044448205.61,97972731.81,829030069038.66,57929130.85,1987328444.56,94035393.61,893520165731.44,61481982.26,2100481021.82,97488873.63,901459748922.61,57696896.6,2079383806.71,93640540.3,895373984324.71,55309764.99,2061357837.54,89496928.17,948149673609.03,57486172.71,2151469508.17,92803188.28,978681374215.42,55628930.58,2167903852.59,92668668.76,898251052205.98,53247251.26,2047621319.66,87748602.67,999730174773.89,54089408.47,2162086018.88,88582028.42,1076072884410.11,54636156.04,2206312598.73,89343925.27,1062743166418.02,55490322.84,2221875851.4,88930769.91,1091482399817.03,54991702.69,2232380971.65,89421100.9,1101709581805.85,52888263.42,2242497793.55,86258646.97,1147582333923.68,54410763.67,2110393467.27,90092537.6,1160050597291.88,53358947.35,2318555568.28,89165486.71,1068212352055.3,46767798.24,2052779144.86,78822940.14,1070979998191.22,49451849.68,2197881532.9,82514384.49,1105901619971.4,52160623.22,2164164322.18,87989653.49,1081709807555.35,51223732.55,2137034467,86546722.18,26.20133863,-20.43375143,4.528667497,-11.66243854
